Feature,Model,BACC,Sensitivity,Specificity,MCC,AUROC,AUPRC,F1 Score
AP2DC,RF,0.533,0.933,0.133,0.112,0.533,0.616,0.743
AP2DC,SVM,0.5,1.0,0.0,0.0,0.5,0.6,0.75
AP2DC,XGB,0.461,0.689,0.233,-0.085,0.461,0.582,0.626
AD2D,RF,0.428,0.822,0.033,-0.218,0.428,0.568,0.667
AD2D,SVM,0.433,0.8,0.067,-0.185,0.433,0.57,0.661
AD2D,XGB,0.539,0.644,0.433,0.078,0.539,0.62,0.637
EState,RF,0.483,0.867,0.1,-0.05,0.483,0.592,0.703
EState,SVM,0.533,0.733,0.333,0.072,0.533,0.617,0.673
EState,XGB,0.583,0.667,0.5,0.167,0.583,0.644,0.667
CDKExt,RF,0.511,0.889,0.133,0.034,0.511,0.605,0.721
CDKExt,SVM,0.533,0.8,0.267,0.078,0.533,0.617,0.699
CDKExt,XGB,0.556,0.711,0.4,0.115,0.556,0.628,0.674
CDK,RF,0.461,0.822,0.1,-0.108,0.461,0.582,0.679
CDK,SVM,0.528,0.756,0.3,0.062,0.528,0.614,0.68
CDK,XGB,0.478,0.622,0.333,-0.045,0.478,0.59,0.602
CDKGraph,RF,0.522,0.978,0.067,0.111,0.522,0.611,0.752
CDKGraph,SVM,0.522,0.911,0.133,0.071,0.522,0.611,0.732
CDKGraph,XGB,0.533,0.6,0.467,0.066,0.533,0.617,0.614
KRFPC,RF,0.478,0.956,0.0,-0.135,0.478,0.59,0.729
KRFPC,SVM,0.5,1.0,0.0,0.0,0.5,0.6,0.75
KRFPC,XGB,0.406,0.511,0.3,-0.188,0.406,0.561,0.517
KRFP,RF,0.478,0.956,0.0,-0.135,0.478,0.59,0.729
KRFP,SVM,0.511,0.889,0.133,0.034,0.511,0.605,0.721
KRFP,XGB,0.617,0.733,0.5,0.238,0.617,0.664,0.71
MACCS,RF,0.544,0.889,0.2,0.123,0.544,0.622,0.734
MACCS,SVM,0.544,0.822,0.267,0.106,0.544,0.622,0.712
MACCS,XGB,0.617,0.733,0.5,0.238,0.617,0.664,0.71
PubChem,RF,0.506,0.844,0.167,0.015,0.506,0.603,0.704
PubChem,SVM,0.478,0.822,0.133,-0.059,0.478,0.59,0.685
PubChem,XGB,0.467,0.6,0.333,-0.068,0.467,0.585,0.587
SubFPC,RF,0.522,0.911,0.133,0.071,0.522,0.611,0.732
SubFPC,SVM,0.5,1.0,0.0,0.0,0.5,0.6,0.75
SubFPC,XGB,0.683,0.733,0.633,0.365,0.683,0.71,0.742
SubFP,RF,0.517,0.933,0.1,0.06,0.517,0.608,0.737
SubFP,SVM,0.611,0.889,0.333,0.272,0.611,0.659,0.762
SubFP,XGB,0.772,0.844,0.7,0.551,0.772,0.776,0.826
Combined,RF,0.467,0.867,0.067,-0.106,0.467,0.584,0.696
Combined,SVM,0.494,0.756,0.233,-0.013,0.494,0.597,0.667
Combined,XGB,0.583,0.733,0.433,0.173,0.583,0.644,0.695
Stacked_All,Stacked_XGB,0.678,0.822,0.533,0.373,0.678,0.703,0.771
AP2DC,RF,0.533,0.933,0.133,0.112,0.533,0.616,0.743
AP2DC,SVM,0.5,1.0,0.0,0.0,0.5,0.6,0.75
AP2DC,XGB,0.461,0.689,0.233,-0.085,0.461,0.582,0.626
AD2D,RF,0.467,0.867,0.067,-0.106,0.467,0.584,0.696
AD2D,SVM,0.433,0.8,0.067,-0.185,0.433,0.57,0.661
AD2D,XGB,0.539,0.644,0.433,0.078,0.539,0.62,0.637
EState,RF,0.556,0.911,0.2,0.16,0.556,0.628,0.745
EState,SVM,0.533,0.733,0.333,0.072,0.533,0.617,0.673
EState,XGB,0.583,0.667,0.5,0.167,0.583,0.644,0.667
CDKExt,RF,0.55,0.867,0.233,0.129,0.55,0.625,0.729
CDKExt,SVM,0.533,0.8,0.267,0.078,0.533,0.617,0.699
CDKExt,XGB,0.556,0.711,0.4,0.115,0.556,0.628,0.674
CDK,RF,0.461,0.822,0.1,-0.108,0.461,0.582,0.679
CDK,SVM,0.528,0.756,0.3,0.062,0.528,0.614,0.68
CDK,XGB,0.478,0.622,0.333,-0.045,0.478,0.59,0.602
CDKGraph,RF,0.506,0.911,0.1,0.019,0.506,0.603,0.726
CDKGraph,SVM,0.522,0.911,0.133,0.071,0.522,0.611,0.732
CDKGraph,XGB,0.533,0.6,0.467,0.066,0.533,0.617,0.614
KRFPC,RF,0.478,0.956,0.0,-0.135,0.478,0.59,0.729
KRFPC,SVM,0.5,1.0,0.0,0.0,0.5,0.6,0.75
KRFPC,XGB,0.406,0.511,0.3,-0.188,0.406,0.561,0.517
KRFP,RF,0.483,0.933,0.033,-0.073,0.483,0.592,0.724
KRFP,SVM,0.511,0.889,0.133,0.034,0.511,0.605,0.721
KRFP,XGB,0.617,0.733,0.5,0.238,0.617,0.664,0.71
MACCS,RF,0.506,0.844,0.167,0.015,0.506,0.603,0.704
MACCS,SVM,0.544,0.822,0.267,0.106,0.544,0.622,0.712
MACCS,XGB,0.617,0.733,0.5,0.238,0.617,0.664,0.71
PubChem,RF,0.5,0.867,0.133,0.0,0.5,0.6,0.709
PubChem,SVM,0.478,0.822,0.133,-0.059,0.478,0.59,0.685
PubChem,XGB,0.467,0.6,0.333,-0.068,0.467,0.585,0.587
SubFPC,RF,0.517,0.933,0.1,0.06,0.517,0.608,0.737
SubFPC,SVM,0.5,1.0,0.0,0.0,0.5,0.6,0.75
SubFPC,XGB,0.683,0.733,0.633,0.365,0.683,0.71,0.742
SubFP,RF,0.506,0.911,0.1,0.019,0.506,0.603,0.726
SubFP,SVM,0.611,0.889,0.333,0.272,0.611,0.659,0.762
SubFP,XGB,0.772,0.844,0.7,0.551,0.772,0.776,0.826
Combined,RF,0.489,0.844,0.133,-0.031,0.489,0.595,0.697
Combined,SVM,0.494,0.756,0.233,-0.013,0.494,0.597,0.667
Combined,XGB,0.583,0.733,0.433,0.173,0.583,0.644,0.695
Stacked_All,Stacked_XGB,0.739,0.844,0.633,0.492,0.739,0.748,0.809
AP2DC,RF,0.539,0.911,0.167,0.117,0.539,0.619,0.739
AP2DC,SVM,0.5,1.0,0.0,0.0,0.5,0.6,0.75
AP2DC,XGB,0.461,0.689,0.233,-0.085,0.461,0.582,0.626
AD2D,RF,0.439,0.778,0.1,-0.158,0.439,0.572,0.654
AD2D,SVM,0.433,0.8,0.067,-0.185,0.433,0.57,0.661
AD2D,XGB,0.539,0.644,0.433,0.078,0.539,0.62,0.637
EState,RF,0.506,0.844,0.167,0.015,0.506,0.603,0.704
EState,SVM,0.533,0.733,0.333,0.072,0.533,0.617,0.673
EState,XGB,0.583,0.667,0.5,0.167,0.583,0.644,0.667
CDKExt,RF,0.467,0.8,0.133,-0.086,0.467,0.585,0.673
CDKExt,SVM,0.533,0.8,0.267,0.078,0.533,0.617,0.699
CDKExt,XGB,0.556,0.711,0.4,0.115,0.556,0.628,0.674
CDK,RF,0.489,0.844,0.133,-0.031,0.489,0.595,0.697
CDK,SVM,0.528,0.756,0.3,0.062,0.528,0.614,0.68
CDK,XGB,0.478,0.622,0.333,-0.045,0.478,0.59,0.602
CDKGraph,RF,0.567,1.0,0.133,0.291,0.567,0.634,0.776
CDKGraph,SVM,0.522,0.911,0.133,0.071,0.522,0.611,0.732
CDKGraph,XGB,0.533,0.6,0.467,0.066,0.533,0.617,0.614
KRFPC,RF,0.5,1.0,0.0,0.0,0.5,0.6,0.75
KRFPC,SVM,0.5,1.0,0.0,0.0,0.5,0.6,0.75
KRFPC,XGB,0.406,0.511,0.3,-0.188,0.406,0.561,0.517
KRFP,RF,0.489,0.978,0.0,-0.095,0.489,0.595,0.739
KRFP,SVM,0.511,0.889,0.133,0.034,0.511,0.605,0.721
KRFP,XGB,0.617,0.733,0.5,0.238,0.617,0.664,0.71
MACCS,RF,0.5,0.867,0.133,0.0,0.5,0.6,0.709
MACCS,SVM,0.544,0.822,0.267,0.106,0.544,0.622,0.712
MACCS,XGB,0.617,0.733,0.5,0.238,0.617,0.664,0.71
PubChem,RF,0.5,0.867,0.133,0.0,0.5,0.6,0.709
PubChem,SVM,0.478,0.822,0.133,-0.059,0.478,0.59,0.685
PubChem,XGB,0.467,0.6,0.333,-0.068,0.467,0.585,0.587
SubFPC,RF,0.517,0.933,0.1,0.06,0.517,0.608,0.737
SubFPC,SVM,0.5,1.0,0.0,0.0,0.5,0.6,0.75
SubFPC,XGB,0.683,0.733,0.633,0.365,0.683,0.71,0.742
SubFP,RF,0.489,0.911,0.067,-0.04,0.489,0.595,0.719
SubFP,SVM,0.611,0.889,0.333,0.272,0.611,0.659,0.762
SubFP,XGB,0.772,0.844,0.7,0.551,0.772,0.776,0.826
Combined,RF,0.483,0.867,0.1,-0.05,0.483,0.592,0.703
Combined,SVM,0.494,0.756,0.233,-0.013,0.494,0.597,0.667
Combined,XGB,0.583,0.733,0.433,0.173,0.583,0.644,0.695
Stacked_All,Stacked_XGB,0.678,0.822,0.533,0.373,0.678,0.703,0.771
AP2DC,RF,0.5,0.867,0.133,0.0,0.5,0.6,0.709
AP2DC,SVM,0.5,1.0,0.0,0.0,0.5,0.6,0.75
AP2DC,XGB,0.461,0.689,0.233,-0.085,0.461,0.582,0.626
AD2D,RF,0.422,0.778,0.067,-0.208,0.422,0.565,0.648
AD2D,SVM,0.433,0.8,0.067,-0.185,0.433,0.57,0.661
AD2D,XGB,0.522,0.644,0.4,0.045,0.522,0.611,0.63
EState,RF,0.494,0.822,0.167,-0.014,0.494,0.597,0.692
EState,SVM,0.533,0.733,0.333,0.072,0.533,0.617,0.673
EState,XGB,0.628,0.689,0.567,0.254,0.628,0.672,0.697
CDKExt,RF,0.456,0.844,0.067,-0.134,0.456,0.58,0.685
CDKExt,SVM,0.533,0.8,0.267,0.078,0.533,0.617,0.699
CDKExt,XGB,0.544,0.689,0.4,0.092,0.544,0.622,0.66
CDK,RF,0.439,0.844,0.033,-0.194,0.439,0.572,0.679
CDK,SVM,0.528,0.756,0.3,0.062,0.528,0.614,0.68
CDK,XGB,0.494,0.622,0.367,-0.011,0.494,0.597,0.609
CDKGraph,RF,0.511,0.956,0.067,0.048,0.511,0.605,0.741
CDKGraph,SVM,0.522,0.911,0.133,0.071,0.522,0.611,0.732
CDKGraph,XGB,0.533,0.6,0.467,0.066,0.533,0.617,0.614
KRFPC,RF,0.5,1.0,0.0,0.0,0.5,0.6,0.75
KRFPC,SVM,0.5,1.0,0.0,0.0,0.5,0.6,0.75
KRFPC,XGB,0.406,0.511,0.3,-0.188,0.406,0.561,0.517
KRFP,RF,0.506,0.978,0.033,0.034,0.506,0.603,0.746
KRFP,SVM,0.511,0.889,0.133,0.034,0.511,0.605,0.721
KRFP,XGB,0.617,0.733,0.5,0.238,0.617,0.664,0.71
MACCS,RF,0.55,0.867,0.233,0.129,0.55,0.625,0.729
MACCS,SVM,0.544,0.822,0.267,0.106,0.544,0.622,0.712
MACCS,XGB,0.622,0.711,0.533,0.246,0.622,0.668,0.703
PubChem,RF,0.539,0.911,0.167,0.117,0.539,0.619,0.739
PubChem,SVM,0.478,0.822,0.133,-0.059,0.478,0.59,0.685
PubChem,XGB,0.478,0.622,0.333,-0.045,0.478,0.59,0.602
SubFPC,RF,0.544,0.889,0.2,0.123,0.544,0.622,0.734
SubFPC,SVM,0.5,1.0,0.0,0.0,0.5,0.6,0.75
SubFPC,XGB,0.667,0.733,0.6,0.333,0.667,0.698,0.733
SubFP,RF,0.506,0.911,0.1,0.019,0.506,0.603,0.726
SubFP,SVM,0.611,0.889,0.333,0.272,0.611,0.659,0.762
SubFP,XGB,0.761,0.822,0.7,0.525,0.761,0.768,0.813
Combined,RF,0.467,0.867,0.067,-0.106,0.467,0.584,0.696
Combined,SVM,0.494,0.756,0.233,-0.013,0.494,0.597,0.667
Combined,XGB,0.572,0.711,0.433,0.149,0.572,0.638,0.681
Stacked_All,Stacked_XGB,0.594,0.689,0.5,0.19,0.594,0.651,0.681
AP2DC,RF,0.511,0.889,0.133,0.034,0.511,0.605,0.721
AP2DC,SVM,0.5,1.0,0.0,0.0,0.5,0.6,0.75
AP2DC,XGB,0.461,0.689,0.233,-0.085,0.461,0.582,0.626
AD2D,RF,0.444,0.822,0.067,-0.16,0.444,0.575,0.673
AD2D,SVM,0.433,0.8,0.067,-0.185,0.433,0.57,0.661
AD2D,XGB,0.522,0.644,0.4,0.045,0.522,0.611,0.63
EState,RF,0.506,0.844,0.167,0.015,0.506,0.603,0.704
EState,SVM,0.533,0.733,0.333,0.072,0.533,0.617,0.673
EState,XGB,0.628,0.689,0.567,0.254,0.628,0.672,0.697
CDKExt,RF,0.428,0.822,0.033,-0.218,0.428,0.568,0.667
CDKExt,SVM,0.533,0.8,0.267,0.078,0.533,0.617,0.699
CDKExt,XGB,0.544,0.689,0.4,0.092,0.544,0.622,0.66
CDK,RF,0.494,0.822,0.167,-0.014,0.494,0.597,0.692
CDK,SVM,0.528,0.756,0.3,0.062,0.528,0.614,0.68
CDK,XGB,0.494,0.622,0.367,-0.011,0.494,0.597,0.609
CDKGraph,RF,0.511,0.956,0.067,0.048,0.511,0.605,0.741
CDKGraph,SVM,0.522,0.911,0.133,0.071,0.522,0.611,0.732
CDKGraph,XGB,0.533,0.6,0.467,0.066,0.533,0.617,0.614
KRFPC,RF,0.489,0.978,0.0,-0.095,0.489,0.595,0.739
KRFPC,SVM,0.5,1.0,0.0,0.0,0.5,0.6,0.75
KRFPC,XGB,0.406,0.511,0.3,-0.188,0.406,0.561,0.517
KRFP,RF,0.5,1.0,0.0,0.0,0.5,0.6,0.75
KRFP,SVM,0.511,0.889,0.133,0.034,0.511,0.605,0.721
KRFP,XGB,0.617,0.733,0.5,0.238,0.617,0.664,0.71
MACCS,RF,0.528,0.889,0.167,0.08,0.528,0.614,0.727
MACCS,SVM,0.544,0.822,0.267,0.106,0.544,0.622,0.712
MACCS,XGB,0.622,0.711,0.533,0.246,0.622,0.668,0.703
PubChem,RF,0.472,0.844,0.1,-0.08,0.472,0.587,0.691
PubChem,SVM,0.478,0.822,0.133,-0.059,0.478,0.59,0.685
PubChem,XGB,0.478,0.622,0.333,-0.045,0.478,0.59,0.602
SubFPC,RF,0.539,0.911,0.167,0.117,0.539,0.619,0.739
SubFPC,SVM,0.5,1.0,0.0,0.0,0.5,0.6,0.75
SubFPC,XGB,0.667,0.733,0.6,0.333,0.667,0.698,0.733
SubFP,RF,0.528,0.956,0.1,0.109,0.528,0.614,0.748
SubFP,SVM,0.611,0.889,0.333,0.272,0.611,0.659,0.762
SubFP,XGB,0.761,0.822,0.7,0.525,0.761,0.768,0.813
Combined,RF,0.5,0.867,0.133,0.0,0.5,0.6,0.709
Combined,SVM,0.494,0.756,0.233,-0.013,0.494,0.597,0.667
Combined,XGB,0.572,0.711,0.433,0.149,0.572,0.638,0.681
Stacked_All,Stacked_XGB,0.561,0.622,0.5,0.121,0.561,0.632,0.636
AP2DC,RF,0.556,0.911,0.2,0.16,0.556,0.628,0.745
AP2DC,SVM,0.5,1.0,0.0,0.0,0.5,0.6,0.75
AP2DC,XGB,0.461,0.689,0.233,-0.085,0.461,0.582,0.626
AD2D,RF,0.439,0.844,0.033,-0.194,0.439,0.572,0.679
AD2D,SVM,0.433,0.8,0.067,-0.185,0.433,0.57,0.661
AD2D,XGB,0.539,0.644,0.433,0.078,0.539,0.62,0.637
EState,RF,0.533,0.867,0.2,0.089,0.533,0.617,0.722
EState,SVM,0.533,0.733,0.333,0.072,0.533,0.617,0.673
EState,XGB,0.583,0.667,0.5,0.167,0.583,0.644,0.667
CDKExt,RF,0.478,0.822,0.133,-0.059,0.478,0.59,0.685
CDKExt,SVM,0.533,0.8,0.267,0.078,0.533,0.617,0.699
CDKExt,XGB,0.556,0.711,0.4,0.115,0.556,0.628,0.674
CDK,RF,0.494,0.822,0.167,-0.014,0.494,0.597,0.692
CDK,SVM,0.528,0.756,0.3,0.062,0.528,0.614,0.68
CDK,XGB,0.478,0.622,0.333,-0.045,0.478,0.59,0.602
CDKGraph,RF,0.517,0.933,0.1,0.06,0.517,0.608,0.737
CDKGraph,SVM,0.522,0.911,0.133,0.071,0.522,0.611,0.732
CDKGraph,XGB,0.533,0.6,0.467,0.066,0.533,0.617,0.614
KRFPC,RF,0.5,1.0,0.0,0.0,0.5,0.6,0.75
KRFPC,SVM,0.5,1.0,0.0,0.0,0.5,0.6,0.75
KRFPC,XGB,0.406,0.511,0.3,-0.188,0.406,0.561,0.517
KRFP,RF,0.5,1.0,0.0,0.0,0.5,0.6,0.75
KRFP,SVM,0.511,0.889,0.133,0.034,0.511,0.605,0.721
KRFP,XGB,0.617,0.733,0.5,0.238,0.617,0.664,0.71
MACCS,RF,0.494,0.822,0.167,-0.014,0.494,0.597,0.692
MACCS,SVM,0.544,0.822,0.267,0.106,0.544,0.622,0.712
MACCS,XGB,0.617,0.733,0.5,0.238,0.617,0.664,0.71
PubChem,RF,0.483,0.867,0.1,-0.05,0.483,0.592,0.703
PubChem,SVM,0.478,0.822,0.133,-0.059,0.478,0.59,0.685
PubChem,XGB,0.467,0.6,0.333,-0.068,0.467,0.585,0.587
SubFPC,RF,0.522,0.911,0.133,0.071,0.522,0.611,0.732
SubFPC,SVM,0.5,1.0,0.0,0.0,0.5,0.6,0.75
SubFPC,XGB,0.683,0.733,0.633,0.365,0.683,0.71,0.742
SubFP,RF,0.522,0.911,0.133,0.071,0.522,0.611,0.732
SubFP,SVM,0.611,0.889,0.333,0.272,0.611,0.659,0.762
SubFP,XGB,0.772,0.844,0.7,0.551,0.772,0.776,0.826
Combined,RF,0.467,0.867,0.067,-0.106,0.467,0.584,0.696
Combined,SVM,0.494,0.756,0.233,-0.013,0.494,0.597,0.667
Combined,XGB,0.583,0.733,0.433,0.173,0.583,0.644,0.695
Stacked_All,Stacked_XGB,0.611,0.689,0.533,0.222,0.611,0.661,0.689
AP2DC,RF,0.511,0.889,0.133,0.034,0.511,0.605,0.721
AP2DC,SVM,0.5,1.0,0.0,0.0,0.5,0.6,0.75
AP2DC,XGB,0.461,0.689,0.233,-0.085,0.461,0.582,0.626
AD2D,RF,0.411,0.822,0.0,-0.282,0.411,0.561,0.661
AD2D,SVM,0.433,0.8,0.067,-0.185,0.433,0.57,0.661
AD2D,XGB,0.539,0.644,0.433,0.078,0.539,0.62,0.637
EState,RF,0.506,0.844,0.167,0.015,0.506,0.603,0.704
EState,SVM,0.533,0.733,0.333,0.072,0.533,0.617,0.673
EState,XGB,0.583,0.667,0.5,0.167,0.583,0.644,0.667
CDKExt,RF,0.433,0.8,0.067,-0.185,0.433,0.57,0.661
CDKExt,SVM,0.533,0.8,0.267,0.078,0.533,0.617,0.699
CDKExt,XGB,0.556,0.711,0.4,0.115,0.556,0.628,0.674
CDK,RF,0.456,0.778,0.133,-0.112,0.456,0.58,0.66
CDK,SVM,0.528,0.756,0.3,0.062,0.528,0.614,0.68
CDK,XGB,0.478,0.622,0.333,-0.045,0.478,0.59,0.602
CDKGraph,RF,0.539,0.978,0.1,0.17,0.539,0.619,0.759
CDKGraph,SVM,0.522,0.911,0.133,0.071,0.522,0.611,0.732
CDKGraph,XGB,0.533,0.6,0.467,0.066,0.533,0.617,0.614
KRFPC,RF,0.506,0.978,0.033,0.034,0.506,0.603,0.746
KRFPC,SVM,0.5,1.0,0.0,0.0,0.5,0.6,0.75
KRFPC,XGB,0.406,0.511,0.3,-0.188,0.406,0.561,0.517
KRFP,RF,0.467,0.933,0.0,-0.167,0.467,0.584,0.718
KRFP,SVM,0.511,0.889,0.133,0.034,0.511,0.605,0.721
KRFP,XGB,0.617,0.733,0.5,0.238,0.617,0.664,0.71
MACCS,RF,0.506,0.844,0.167,0.015,0.506,0.603,0.704
MACCS,SVM,0.544,0.822,0.267,0.106,0.544,0.622,0.712
MACCS,XGB,0.617,0.733,0.5,0.238,0.617,0.664,0.71
PubChem,RF,0.494,0.889,0.1,-0.018,0.494,0.597,0.714
PubChem,SVM,0.478,0.822,0.133,-0.059,0.478,0.59,0.685
PubChem,XGB,0.467,0.6,0.333,-0.068,0.467,0.585,0.587
SubFPC,RF,0.517,0.933,0.1,0.06,0.517,0.608,0.737
SubFPC,SVM,0.5,1.0,0.0,0.0,0.5,0.6,0.75
SubFPC,XGB,0.683,0.733,0.633,0.365,0.683,0.71,0.742
SubFP,RF,0.456,0.911,0.0,-0.194,0.456,0.579,0.707
SubFP,SVM,0.611,0.889,0.333,0.272,0.611,0.659,0.762
SubFP,XGB,0.772,0.844,0.7,0.551,0.772,0.776,0.826
Combined,RF,0.472,0.911,0.033,-0.109,0.472,0.587,0.713
Combined,SVM,0.494,0.756,0.233,-0.013,0.494,0.597,0.667
Combined,XGB,0.583,0.733,0.433,0.173,0.583,0.644,0.695
Stacked_All,Stacked_XGB,0.589,0.711,0.467,0.181,0.589,0.647,0.688
AP2DC,RF,0.511,0.889,0.133,0.034,0.511,0.605,0.721
AP2DC,SVM,0.5,1.0,0.0,0.0,0.5,0.6,0.75
AP2DC,XGB,0.461,0.689,0.233,-0.085,0.461,0.582,0.626
AD2D,RF,0.456,0.844,0.067,-0.134,0.456,0.58,0.685
AD2D,SVM,0.433,0.8,0.067,-0.185,0.433,0.57,0.661
AD2D,XGB,0.539,0.644,0.433,0.078,0.539,0.62,0.637
EState,RF,0.483,0.867,0.1,-0.05,0.483,0.592,0.703
EState,SVM,0.533,0.733,0.333,0.072,0.533,0.617,0.673
EState,XGB,0.583,0.667,0.5,0.167,0.583,0.644,0.667
CDKExt,RF,0.461,0.822,0.1,-0.108,0.461,0.582,0.679
CDKExt,SVM,0.533,0.8,0.267,0.078,0.533,0.617,0.699
CDKExt,XGB,0.556,0.711,0.4,0.115,0.556,0.628,0.674
CDK,RF,0.483,0.8,0.167,-0.042,0.483,0.592,0.679
CDK,SVM,0.528,0.756,0.3,0.062,0.528,0.614,0.68
CDK,XGB,0.478,0.622,0.333,-0.045,0.478,0.59,0.602
CDKGraph,RF,0.489,0.978,0.0,-0.095,0.489,0.595,0.739
CDKGraph,SVM,0.522,0.911,0.133,0.071,0.522,0.611,0.732
CDKGraph,XGB,0.533,0.6,0.467,0.066,0.533,0.617,0.614
KRFPC,RF,0.489,0.978,0.0,-0.095,0.489,0.595,0.739
KRFPC,SVM,0.5,1.0,0.0,0.0,0.5,0.6,0.75
KRFPC,XGB,0.406,0.511,0.3,-0.188,0.406,0.561,0.517
KRFP,RF,0.489,0.911,0.067,-0.04,0.489,0.595,0.719
KRFP,SVM,0.511,0.889,0.133,0.034,0.511,0.605,0.721
KRFP,XGB,0.617,0.733,0.5,0.238,0.617,0.664,0.71
MACCS,RF,0.539,0.844,0.233,0.098,0.539,0.619,0.717
MACCS,SVM,0.544,0.822,0.267,0.106,0.544,0.622,0.712
MACCS,XGB,0.617,0.733,0.5,0.238,0.617,0.664,0.71
PubChem,RF,0.483,0.867,0.1,-0.05,0.483,0.592,0.703
PubChem,SVM,0.478,0.822,0.133,-0.059,0.478,0.59,0.685
PubChem,XGB,0.467,0.6,0.333,-0.068,0.467,0.585,0.587
SubFPC,RF,0.517,0.867,0.167,0.046,0.517,0.608,0.716
SubFPC,SVM,0.5,1.0,0.0,0.0,0.5,0.6,0.75
SubFPC,XGB,0.683,0.733,0.633,0.365,0.683,0.71,0.742
SubFP,RF,0.528,0.956,0.1,0.109,0.528,0.614,0.748
SubFP,SVM,0.611,0.889,0.333,0.272,0.611,0.659,0.762
SubFP,XGB,0.772,0.844,0.7,0.551,0.772,0.776,0.826
Combined,RF,0.506,0.911,0.1,0.019,0.506,0.603,0.726
Combined,SVM,0.494,0.756,0.233,-0.013,0.494,0.597,0.667
Combined,XGB,0.583,0.733,0.433,0.173,0.583,0.644,0.695
Stacked_All,Stacked_XGB,0.511,0.622,0.4,0.022,0.511,0.605,0.615
AP2DC,RF,0.522,0.911,0.133,0.071,0.522,0.611,0.732
AP2DC,SVM,0.5,1.0,0.0,0.0,0.5,0.6,0.75
AP2DC,XGB,0.461,0.689,0.233,-0.085,0.461,0.582,0.626
AD2D,RF,0.389,0.778,0.0,-0.32,0.389,0.552,0.636
AD2D,SVM,0.433,0.8,0.067,-0.185,0.433,0.57,0.661
AD2D,XGB,0.539,0.644,0.433,0.078,0.539,0.62,0.637
EState,RF,0.528,0.889,0.167,0.08,0.528,0.614,0.727
EState,SVM,0.533,0.733,0.333,0.072,0.533,0.617,0.673
EState,XGB,0.583,0.667,0.5,0.167,0.583,0.644,0.667
CDKExt,RF,0.467,0.867,0.067,-0.106,0.467,0.584,0.696
CDKExt,SVM,0.533,0.8,0.267,0.078,0.533,0.617,0.699
CDKExt,XGB,0.556,0.711,0.4,0.115,0.556,0.628,0.674
CDK,RF,0.472,0.844,0.1,-0.08,0.472,0.587,0.691
CDK,SVM,0.528,0.756,0.3,0.062,0.528,0.614,0.68
CDK,XGB,0.478,0.622,0.333,-0.045,0.478,0.59,0.602
CDKGraph,RF,0.511,0.956,0.067,0.048,0.511,0.605,0.741
CDKGraph,SVM,0.522,0.911,0.133,0.071,0.522,0.611,0.732
CDKGraph,XGB,0.533,0.6,0.467,0.066,0.533,0.617,0.614
KRFPC,RF,0.5,1.0,0.0,0.0,0.5,0.6,0.75
KRFPC,SVM,0.5,1.0,0.0,0.0,0.5,0.6,0.75
KRFPC,XGB,0.406,0.511,0.3,-0.188,0.406,0.561,0.517
KRFP,RF,0.456,0.911,0.0,-0.194,0.456,0.579,0.707
KRFP,SVM,0.511,0.889,0.133,0.034,0.511,0.605,0.721
KRFP,XGB,0.617,0.733,0.5,0.238,0.617,0.664,0.71
MACCS,RF,0.506,0.844,0.167,0.015,0.506,0.603,0.704
MACCS,SVM,0.544,0.822,0.267,0.106,0.544,0.622,0.712
MACCS,XGB,0.617,0.733,0.5,0.238,0.617,0.664,0.71
PubChem,RF,0.511,0.889,0.133,0.034,0.511,0.605,0.721
PubChem,SVM,0.478,0.822,0.133,-0.059,0.478,0.59,0.685
PubChem,XGB,0.467,0.6,0.333,-0.068,0.467,0.585,0.587
SubFPC,RF,0.522,0.911,0.133,0.071,0.522,0.611,0.732
SubFPC,SVM,0.5,1.0,0.0,0.0,0.5,0.6,0.75
SubFPC,XGB,0.683,0.733,0.633,0.365,0.683,0.71,0.742
SubFP,RF,0.517,0.933,0.1,0.06,0.517,0.608,0.737
SubFP,SVM,0.611,0.889,0.333,0.272,0.611,0.659,0.762
SubFP,XGB,0.772,0.844,0.7,0.551,0.772,0.776,0.826
Combined,RF,0.439,0.844,0.033,-0.194,0.439,0.572,0.679
Combined,SVM,0.494,0.756,0.233,-0.013,0.494,0.597,0.667
Combined,XGB,0.583,0.733,0.433,0.173,0.583,0.644,0.695
Stacked_All,Stacked_XGB,0.533,0.667,0.4,0.068,0.533,0.617,0.645
AP2DC,RF,0.533,0.933,0.133,0.112,0.533,0.616,0.743
AP2DC,SVM,0.5,1.0,0.0,0.0,0.5,0.6,0.75
AP2DC,XGB,0.461,0.689,0.233,-0.085,0.461,0.582,0.626
AD2D,RF,0.4,0.8,0.0,-0.302,0.4,0.556,0.649
AD2D,SVM,0.433,0.8,0.067,-0.185,0.433,0.57,0.661
AD2D,XGB,0.539,0.644,0.433,0.078,0.539,0.62,0.637
EState,RF,0.5,0.867,0.133,0.0,0.5,0.6,0.709
EState,SVM,0.533,0.733,0.333,0.072,0.533,0.617,0.673
EState,XGB,0.583,0.667,0.5,0.167,0.583,0.644,0.667
CDKExt,RF,0.456,0.844,0.067,-0.134,0.456,0.58,0.685
CDKExt,SVM,0.533,0.8,0.267,0.078,0.533,0.617,0.699
CDKExt,XGB,0.556,0.711,0.4,0.115,0.556,0.628,0.674
CDK,RF,0.461,0.822,0.1,-0.108,0.461,0.582,0.679
CDK,SVM,0.528,0.756,0.3,0.062,0.528,0.614,0.68
CDK,XGB,0.478,0.622,0.333,-0.045,0.478,0.59,0.602
CDKGraph,RF,0.544,0.956,0.133,0.161,0.544,0.622,0.754
CDKGraph,SVM,0.522,0.911,0.133,0.071,0.522,0.611,0.732
CDKGraph,XGB,0.533,0.6,0.467,0.066,0.533,0.617,0.614
KRFPC,RF,0.489,0.978,0.0,-0.095,0.489,0.595,0.739
KRFPC,SVM,0.5,1.0,0.0,0.0,0.5,0.6,0.75
KRFPC,XGB,0.406,0.511,0.3,-0.188,0.406,0.561,0.517
KRFP,RF,0.478,0.956,0.0,-0.135,0.478,0.59,0.729
KRFP,SVM,0.511,0.889,0.133,0.034,0.511,0.605,0.721
KRFP,XGB,0.617,0.733,0.5,0.238,0.617,0.664,0.71
MACCS,RF,0.533,0.867,0.2,0.089,0.533,0.617,0.722
MACCS,SVM,0.544,0.822,0.267,0.106,0.544,0.622,0.712
MACCS,XGB,0.617,0.733,0.5,0.238,0.617,0.664,0.71
PubChem,RF,0.494,0.889,0.1,-0.018,0.494,0.597,0.714
PubChem,SVM,0.478,0.822,0.133,-0.059,0.478,0.59,0.685
PubChem,XGB,0.467,0.6,0.333,-0.068,0.467,0.585,0.587
SubFPC,RF,0.561,0.889,0.233,0.163,0.561,0.631,0.741
SubFPC,SVM,0.5,1.0,0.0,0.0,0.5,0.6,0.75
SubFPC,XGB,0.683,0.733,0.633,0.365,0.683,0.71,0.742
SubFP,RF,0.528,0.889,0.167,0.08,0.528,0.614,0.727
SubFP,SVM,0.611,0.889,0.333,0.272,0.611,0.659,0.762
SubFP,XGB,0.772,0.844,0.7,0.551,0.772,0.776,0.826
Combined,RF,0.478,0.889,0.067,-0.075,0.478,0.59,0.708
Combined,SVM,0.494,0.756,0.233,-0.013,0.494,0.597,0.667
Combined,XGB,0.583,0.733,0.433,0.173,0.583,0.644,0.695
Stacked_All,Stacked_XGB,0.689,0.844,0.533,0.401,0.689,0.71,0.784
AP2DC,RF,0.522,0.911,0.133,0.071,0.522,0.611,0.732
AP2DC,SVM,0.5,1.0,0.0,0.0,0.5,0.6,0.75
AP2DC,XGB,0.461,0.689,0.233,-0.085,0.461,0.582,0.626
AD2D,RF,0.389,0.711,0.067,-0.272,0.389,0.553,0.61
AD2D,SVM,0.433,0.8,0.067,-0.185,0.433,0.57,0.661
AD2D,XGB,0.539,0.644,0.433,0.078,0.539,0.62,0.637
EState,RF,0.544,0.889,0.2,0.123,0.544,0.622,0.734
EState,SVM,0.533,0.733,0.333,0.072,0.533,0.617,0.673
EState,XGB,0.583,0.667,0.5,0.167,0.583,0.644,0.667
CDKExt,RF,0.494,0.889,0.1,-0.018,0.494,0.597,0.714
CDKExt,SVM,0.533,0.8,0.267,0.078,0.533,0.617,0.699
CDKExt,XGB,0.556,0.711,0.4,0.115,0.556,0.628,0.674
CDK,RF,0.478,0.822,0.133,-0.059,0.478,0.59,0.685
CDK,SVM,0.528,0.756,0.3,0.062,0.528,0.614,0.68
CDK,XGB,0.478,0.622,0.333,-0.045,0.478,0.59,0.602
CDKGraph,RF,0.522,0.978,0.067,0.111,0.522,0.611,0.752
CDKGraph,SVM,0.522,0.911,0.133,0.071,0.522,0.611,0.732
CDKGraph,XGB,0.533,0.6,0.467,0.066,0.533,0.617,0.614
KRFPC,RF,0.5,1.0,0.0,0.0,0.5,0.6,0.75
KRFPC,SVM,0.5,1.0,0.0,0.0,0.5,0.6,0.75
KRFPC,XGB,0.406,0.511,0.3,-0.188,0.406,0.561,0.517
KRFP,RF,0.478,0.956,0.0,-0.135,0.478,0.59,0.729
KRFP,SVM,0.511,0.889,0.133,0.034,0.511,0.605,0.721
KRFP,XGB,0.617,0.733,0.5,0.238,0.617,0.664,0.71
MACCS,RF,0.533,0.867,0.2,0.089,0.533,0.617,0.722
MACCS,SVM,0.544,0.822,0.267,0.106,0.544,0.622,0.712
MACCS,XGB,0.617,0.733,0.5,0.238,0.617,0.664,0.71
PubChem,RF,0.533,0.867,0.2,0.089,0.533,0.617,0.722
PubChem,SVM,0.478,0.822,0.133,-0.059,0.478,0.59,0.685
PubChem,XGB,0.467,0.6,0.333,-0.068,0.467,0.585,0.587
SubFPC,RF,0.539,0.911,0.167,0.117,0.539,0.619,0.739
SubFPC,SVM,0.5,1.0,0.0,0.0,0.5,0.6,0.75
SubFPC,XGB,0.683,0.733,0.633,0.365,0.683,0.71,0.742
SubFP,RF,0.528,0.956,0.1,0.109,0.528,0.614,0.748
SubFP,SVM,0.611,0.889,0.333,0.272,0.611,0.659,0.762
SubFP,XGB,0.772,0.844,0.7,0.551,0.772,0.776,0.826
Combined,RF,0.444,0.889,0.0,-0.218,0.444,0.575,0.696
Combined,SVM,0.494,0.756,0.233,-0.013,0.494,0.597,0.667
Combined,XGB,0.583,0.733,0.433,0.173,0.583,0.644,0.695
Stacked_All,Stacked_XGB,0.572,0.711,0.433,0.149,0.572,0.638,0.681
AP2DC,RF,0.539,0.911,0.167,0.117,0.539,0.619,0.739
AP2DC,SVM,0.5,1.0,0.0,0.0,0.5,0.6,0.75
AP2DC,XGB,0.461,0.689,0.233,-0.085,0.461,0.582,0.626
AD2D,RF,0.439,0.844,0.033,-0.194,0.439,0.572,0.679
AD2D,SVM,0.433,0.8,0.067,-0.185,0.433,0.57,0.661
AD2D,XGB,0.539,0.644,0.433,0.078,0.539,0.62,0.637
EState,RF,0.533,0.867,0.2,0.089,0.533,0.617,0.722
EState,SVM,0.533,0.733,0.333,0.072,0.533,0.617,0.673
EState,XGB,0.583,0.667,0.5,0.167,0.583,0.644,0.667
CDKExt,RF,0.472,0.844,0.1,-0.08,0.472,0.587,0.691
CDKExt,SVM,0.533,0.8,0.267,0.078,0.533,0.617,0.699
CDKExt,XGB,0.556,0.711,0.4,0.115,0.556,0.628,0.674
CDK,RF,0.45,0.8,0.1,-0.134,0.45,0.577,0.667
CDK,SVM,0.528,0.756,0.3,0.062,0.528,0.614,0.68
CDK,XGB,0.478,0.622,0.333,-0.045,0.478,0.59,0.602
CDKGraph,RF,0.556,0.978,0.133,0.218,0.556,0.628,0.765
CDKGraph,SVM,0.522,0.911,0.133,0.071,0.522,0.611,0.732
CDKGraph,XGB,0.533,0.6,0.467,0.066,0.533,0.617,0.614
KRFPC,RF,0.506,0.978,0.033,0.034,0.506,0.603,0.746
KRFPC,SVM,0.5,1.0,0.0,0.0,0.5,0.6,0.75
KRFPC,XGB,0.406,0.511,0.3,-0.188,0.406,0.561,0.517
KRFP,RF,0.478,0.956,0.0,-0.135,0.478,0.59,0.729
KRFP,SVM,0.511,0.889,0.133,0.034,0.511,0.605,0.721
KRFP,XGB,0.617,0.733,0.5,0.238,0.617,0.664,0.71
MACCS,RF,0.572,0.911,0.233,0.2,0.572,0.637,0.752
MACCS,SVM,0.544,0.822,0.267,0.106,0.544,0.622,0.712
MACCS,XGB,0.617,0.733,0.5,0.238,0.617,0.664,0.71
PubChem,RF,0.489,0.844,0.133,-0.031,0.489,0.595,0.697
PubChem,SVM,0.478,0.822,0.133,-0.059,0.478,0.59,0.685
PubChem,XGB,0.467,0.6,0.333,-0.068,0.467,0.585,0.587
SubFPC,RF,0.544,0.889,0.2,0.123,0.544,0.622,0.734
SubFPC,SVM,0.5,1.0,0.0,0.0,0.5,0.6,0.75
SubFPC,XGB,0.683,0.733,0.633,0.365,0.683,0.71,0.742
SubFP,RF,0.483,0.933,0.033,-0.073,0.483,0.592,0.724
SubFP,SVM,0.611,0.889,0.333,0.272,0.611,0.659,0.762
SubFP,XGB,0.772,0.844,0.7,0.551,0.772,0.776,0.826
Combined,RF,0.478,0.889,0.067,-0.075,0.478,0.59,0.708
Combined,SVM,0.494,0.756,0.233,-0.013,0.494,0.597,0.667
Combined,XGB,0.583,0.733,0.433,0.173,0.583,0.644,0.695
Stacked_All,Stacked_XGB,0.589,0.711,0.467,0.181,0.589,0.647,0.688
AP2DC,RF,0.511,0.889,0.133,0.034,0.511,0.605,0.721
AP2DC,SVM,0.5,1.0,0.0,0.0,0.5,0.6,0.75
AP2DC,XGB,0.461,0.689,0.233,-0.085,0.461,0.582,0.626
AD2D,RF,0.461,0.889,0.033,-0.14,0.461,0.582,0.702
AD2D,SVM,0.433,0.8,0.067,-0.185,0.433,0.57,0.661
AD2D,XGB,0.539,0.644,0.433,0.078,0.539,0.62,0.637
EState,RF,0.472,0.844,0.1,-0.08,0.472,0.587,0.691
EState,SVM,0.533,0.733,0.333,0.072,0.533,0.617,0.673
EState,XGB,0.583,0.667,0.5,0.167,0.583,0.644,0.667
CDKExt,RF,0.45,0.867,0.033,-0.168,0.45,0.577,0.69
CDKExt,SVM,0.533,0.8,0.267,0.078,0.533,0.617,0.699
CDKExt,XGB,0.556,0.711,0.4,0.115,0.556,0.628,0.674
CDK,RF,0.461,0.822,0.1,-0.108,0.461,0.582,0.679
CDK,SVM,0.528,0.756,0.3,0.062,0.528,0.614,0.68
CDK,XGB,0.478,0.622,0.333,-0.045,0.478,0.59,0.602
CDKGraph,RF,0.528,0.956,0.1,0.109,0.528,0.614,0.748
CDKGraph,SVM,0.522,0.911,0.133,0.071,0.522,0.611,0.732
CDKGraph,XGB,0.533,0.6,0.467,0.066,0.533,0.617,0.614
KRFPC,RF,0.5,1.0,0.0,0.0,0.5,0.6,0.75
KRFPC,SVM,0.5,1.0,0.0,0.0,0.5,0.6,0.75
KRFPC,XGB,0.406,0.511,0.3,-0.188,0.406,0.561,0.517
KRFP,RF,0.478,0.956,0.0,-0.135,0.478,0.59,0.729
KRFP,SVM,0.511,0.889,0.133,0.034,0.511,0.605,0.721
KRFP,XGB,0.617,0.733,0.5,0.238,0.617,0.664,0.71
MACCS,RF,0.511,0.822,0.2,0.028,0.511,0.605,0.698
MACCS,SVM,0.544,0.822,0.267,0.106,0.544,0.622,0.712
MACCS,XGB,0.617,0.733,0.5,0.238,0.617,0.664,0.71
PubChem,RF,0.483,0.867,0.1,-0.05,0.483,0.592,0.703
PubChem,SVM,0.478,0.822,0.133,-0.059,0.478,0.59,0.685
PubChem,XGB,0.467,0.6,0.333,-0.068,0.467,0.585,0.587
SubFPC,RF,0.556,0.911,0.2,0.16,0.556,0.628,0.745
SubFPC,SVM,0.5,1.0,0.0,0.0,0.5,0.6,0.75
SubFPC,XGB,0.683,0.733,0.633,0.365,0.683,0.71,0.742
SubFP,RF,0.533,0.933,0.133,0.112,0.533,0.616,0.743
SubFP,SVM,0.611,0.889,0.333,0.272,0.611,0.659,0.762
SubFP,XGB,0.772,0.844,0.7,0.551,0.772,0.776,0.826
Combined,RF,0.5,0.867,0.133,0.0,0.5,0.6,0.709
Combined,SVM,0.494,0.756,0.233,-0.013,0.494,0.597,0.667
Combined,XGB,0.583,0.733,0.433,0.173,0.583,0.644,0.695
Stacked_All,Stacked_XGB,0.583,0.733,0.433,0.173,0.583,0.644,0.695
